epoch,train_time,mean_loss,mean_rmse,val_time,val_num_tuples,val_loss,val_std,val_mse,val_mape,val_median_q_error_50,val_median_q_error_95,val_median_q_error_99,epoch_time,stop_early
0,176.5987711580001,3402.3406,42321.15817861601,19.034516042999712,1824,3.4627552032470703,7038.58,7389.7466,1.5213375,2.802377700805664,8.237264919281005,13.022483654022215,195.65254556500076,False
1,185.33503371000006,3.6051779,7450.80421777519,19.918315758000062,1824,3.412149429321289,7038.5796,7337.235,1.5508444,2.7839977741241455,8.343866634368895,12.628607234954833,205.26497019899944,False
2,177.81547151999985,3.5400388,7458.994666324543,19.37021955899945,1824,3.4039759635925293,7038.58,7524.2153,1.3970747,2.8523037433624268,7.738366937637327,12.412710552215575,197.1980829260001,False
3,169.53777595500014,3.4808764,7478.337492467594,19.026889380000284,1824,3.2912864685058594,7038.58,7408.1196,1.4151816,2.8252947330474854,7.646202278137206,11.244769515991205,188.5742367970006,False
4,168.9752684469995,3.3315763,7362.861494412756,21.03624044099979,1824,3.046971559524536,7038.58,6868.3213,1.4066665,2.5035769939422607,7.117170763015743,9.792693424224849,190.02926893600034,False
5,185.4445928160003,3.086965,7042.905383675619,21.17334762199971,1824,2.9163947105407715,7038.58,6733.321,1.2900157,2.371161699295044,6.691097688674922,10.14892879486084,206.63559675100078,False
6,178.67290321200016,3.0191567,6931.039460116771,21.27541755600032,1824,2.862781524658203,7038.58,6413.3804,1.2963158,2.238039493560791,6.7473373889923085,11.088115634918212,199.95918540599996,False
7,174.2378196489999,2.9032507,6756.287932441195,21.54091110799982,1824,2.781318426132202,7038.5796,6654.1895,1.1286962,2.299881935119629,6.144974422454831,9.019262828826903,195.7933922279999,False
8,168.55731219599966,2.855245,6824.471157505715,18.79114056799972,1824,2.744257688522339,7038.58,6526.083,1.1393758,2.277775764465332,6.013280010223388,9.5393332862854,187.35511674000008,False
9,173.16572980100045,2.8247116,6783.079892559698,21.36836640600086,1824,2.702533721923828,7038.58,6582.063,1.160549,2.223785638809204,5.982139158248897,9.284832038879395,194.5447515220003,False
10,178.39018188599948,2.7885563,6760.754425898633,18.898354175999884,1824,2.6509037017822266,7038.58,6276.4697,1.2115325,2.1185519695281982,6.102998065948486,9.290539150238036,197.29935454800034,False
11,172.13974271400002,2.723167,6685.863634723397,20.433283084999857,1824,2.5799429416656494,7038.5796,6548.701,0.96311384,2.099334478378296,5.7535011768341064,8.813296489715574,192.58939746899978,False
12,187.2966686260006,2.6048312,6502.615345965793,21.219307428999855,1824,2.4332005977630615,7038.58,5868.8076,0.91525733,1.8871251344680786,5.386882400512686,9.382760944366455,208.5324066230005,False
13,180.81897738299995,2.4879048,6171.929107103288,20.65958087999934,1824,2.4262046813964844,7038.58,6240.78,0.66459554,1.8532119989395142,5.526857423782346,10.256333618164062,201.48804535399904,False
14,167.98228376299994,2.4050975,6062.36693458651,21.51741978500104,1824,2.2283639907836914,7038.58,5687.893,0.86311686,1.7819432020187378,4.895947217941283,7.507032842636105,189.51743588800127,False
15,184.627067034,2.3191786,5829.568734433613,20.891543436000575,1824,2.192354917526245,7038.58,5605.7026,0.66848433,1.7238167524337769,4.741401958465574,8.317498912811274,205.5319156759997,False
16,184.61501972800033,2.239868,5502.328985622921,20.134916779999912,1824,2.099341869354248,7038.58,5185.702,0.6657171,1.648490071296692,4.531403684616088,8.172258033752442,204.76220961699983,False
17,178.70560680000017,2.1677308,5383.450143261118,18.84123626099972,1824,2.032621383666992,7038.58,5077.955,0.71949697,1.6386817693710327,4.273026371002196,7.28286705970764,197.56345331199918,False
18,165.91918700099995,2.117997,5271.498957510043,18.927500173000226,1824,1.991400957107544,7038.5796,4914.633,0.63534576,1.5665661096572876,4.172808313369748,7.832604742050168,184.86209846199927,False
19,181.996336365999,2.090496,5294.978137961684,21.34276175100058,1824,2.0181407928466797,7038.58,5014.972,0.5617043,1.5594677925109863,4.5373424053192135,8.220571041107174,203.350057439,False
20,183.8510572970008,2.0655222,5378.352671824026,21.404487858999346,1824,1.9478578567504883,7038.58,4774.403,0.6193797,1.5266026258468628,4.051065492630002,7.366857776641845,205.27015844900052,False
21,173.55936703999942,2.0540833,5320.520192395554,19.700861519999307,1824,2.0057125091552734,7038.58,5001.369,0.54835546,1.544970989227295,4.284354114532469,8.430661621093746,193.26691258600113,False
22,183.30362947899994,2.0388236,5284.039834280247,20.1397460219996,1824,1.971307396888733,7038.5796,5193.676,0.6803591,1.5937098264694214,4.009006929397578,6.909186983108518,203.45314995100125,False
23,165.36053186299978,2.0183287,5212.0382712417995,19.235893385000963,1824,1.9481723308563232,7038.5796,4901.4893,0.5850285,1.5387258529663086,4.146820783615112,7.16023181915283,184.59992158800014,False
24,165.81728720799947,1.9980667,5166.70404745538,21.0136292469997,1824,1.906409740447998,7038.58,4735.7915,0.5521929,1.477043867111206,4.118217945098874,7.284748392105095,186.8409322970001,False
25,171.9989451729998,1.9970071,5133.458369296725,21.165886167998906,1824,1.8941326141357422,7038.58,4617.1367,0.6039567,1.4908589124679565,4.030631017684932,7.433381919860841,193.17221443199924,False
26,169.97655343099905,1.9692872,4920.529187424386,20.461725666000348,1824,2.045339584350586,7038.58,5100.967,0.4862907,1.5425101518630981,4.30962505340576,9.129545402526851,190.44568459900074,False
27,184.28571939200083,1.9536002,4960.041717655084,21.46471791499971,1824,1.8743202686309814,7038.5796,4483.6904,0.6073472,1.487615942955017,3.8508592605590786,6.9601434230804395,205.76071574300113,False
28,179.66223475100014,1.964457,5034.58472919341,21.25389394999911,1824,2.039376974105835,7038.5796,4992.7256,0.49852926,1.5758086442947388,4.515618228912352,8.029057083129878,200.91966845500065,False
29,170.22871748000034,1.942668,4822.773762743301,19.081237811000392,1824,1.870153546333313,7038.5796,4631.507,0.65659225,1.472916603088379,3.9127694606781005,7.336299839019768,189.31651420399976,False
30,166.8989921909997,1.9451923,4861.348599628064,18.993212972000038,1824,1.8499224185943604,7038.5796,4611.3696,0.5456469,1.4558264017105103,3.904897022247313,7.030574216842649,185.89831265300018,False
31,174.54015256599996,1.9225504,4794.6155246601065,21.00350503000118,1824,1.9020493030548096,7038.58,4571.243,0.5196237,1.4981895685195923,4.002649927139279,7.590086374282836,195.5468496680005,False
32,183.4248186219993,1.9157428,4827.600306764222,19.73157991199878,1824,1.8313674926757812,7038.58,4436.622,0.55303603,1.4368114471435547,3.8346894264221185,7.038099002838134,203.16911790999984,False
33,170.08192658400003,1.9021153,4739.941031061731,21.35894695799834,1824,1.8362245559692383,7038.58,4344.712,0.5634325,1.4510518312454224,3.856491231918335,6.443642520904539,191.45167176199902,False
34,188.2598602500002,2.0564904,5129.501301728382,21.276092309999513,1824,1.9443341493606567,7038.5796,4453.4707,0.6913304,1.542864203453064,4.000228357315062,7.238466577529905,209.5398864730014,False
35,183.35555458899944,1.9416653,4860.390639152729,18.720519575999788,1824,1.8736952543258667,7038.5796,4490.2515,0.53737617,1.4650553464889526,3.9883482694625836,6.796318702697751,202.07911014599995,False
36,182.98651298599907,1.9046688,4802.3707887497585,21.07515058699937,1824,1.944153904914856,7038.58,5046.4746,0.49437106,1.5538498163223267,4.172711563110348,6.948810281753536,204.06588644399926,False
37,170.75343572100064,1.8907567,4758.069784580673,21.21050354199906,1824,2.095818519592285,7038.5796,5349.782,0.47639728,1.6735076904296875,4.731536102294921,8.667117862701417,191.9712237120002,False
38,178.65500568500102,1.887345,4731.344019318845,20.79194448599992,1824,1.7827342748641968,7038.5796,4202.817,0.6128462,1.419184923171997,3.7343685150146486,6.305052795410154,199.4640511889993,False
39,188.5630695009986,1.8759747,4680.704832123189,21.18572729100015,1824,1.8393019437789917,7038.58,4361.6255,0.49447367,1.4382189512252808,3.696544790267942,6.737229213714597,209.75583939699936,False
40,173.333527453,1.8574078,4623.274867425217,18.72452883799997,1824,1.7747749090194702,7038.58,4100.574,0.48673138,1.4077264070510864,3.552810907363891,6.833769960403441,192.07014385399998,False
41,167.88487158399948,1.8622379,4739.033441811756,20.226696306999656,1824,1.7492960691452026,7038.58,4161.1504,0.52022254,1.4042149782180786,3.556898713111875,5.895847177505491,188.12092906700127,False
42,168.84422525800073,1.839206,4548.468630813052,19.166771445999984,1824,1.8656625747680664,7038.58,4391.222,0.44896266,1.4898368120193481,4.0081278324127165,7.1290580272674555,188.0186301499998,False
43,189.00564368099913,1.8507749,4631.550058841788,19.6646142339996,1824,1.9624767303466797,7038.5796,4687.6646,0.43869498,1.5345349311828613,4.2800630569458,8.340379467010498,208.67623472800005,False
44,177.23182583500056,1.8383255,4635.4071250172055,21.24012576700079,1824,1.7490389347076416,7038.5796,4030.4368,0.5730707,1.4192461967468262,3.6069930791854854,5.733386402130126,198.48111711800084,False
45,170.77646003300106,1.8215882,4569.629136247298,21.314608667000357,1824,1.7183802127838135,7038.5796,3973.6326,0.5252377,1.3944998979568481,3.313832092285155,6.140572900772093,192.1048515429993,False
46,181.67568665,1.8178035,4574.619690410059,19.317721844001426,1824,1.741223931312561,7038.58,4058.718,0.56443006,1.3961294889450073,3.539318752288818,5.805439901351929,200.99680742199962,False
47,175.008498135001,1.8168638,4447.190030062889,21.335270423998736,1824,1.748258113861084,7038.5796,3864.631,0.5018608,1.3901540040969849,3.412433052062988,6.708290395736693,196.35439323900027,False
48,181.27994493799997,1.8146372,4530.2168280700735,18.722989425999913,1824,1.7542431354522705,7038.58,4196.493,0.4651337,1.4137778282165527,3.4821817159652704,6.132870273590087,200.00633658600054,False
49,178.76700288899883,1.8105675,4480.8184021304105,21.46608539800036,1824,1.816719889640808,7038.58,4475.747,0.45372736,1.4453718662261963,3.8009579658508272,5.9210111808776835,200.2365678670012,False
50,184.51859853099995,1.8194195,4522.114143872951,18.944032084000355,1824,1.7109183073043823,7038.58,3953.2131,0.46919498,1.3986105918884277,3.429382896423339,5.580781564712523,203.4686612159985,False
51,177.10612922200016,1.7997164,4439.4830284851305,21.205754522999996,1824,1.7156902551651,7038.58,4009.161,0.44662464,1.3907119035720825,3.3369790077209434,6.0599516868591286,198.31596404599986,False
52,189.31346924799982,1.7914182,4416.95272928708,19.24894742700053,1824,1.6968920230865479,7038.58,3913.633,0.4790188,1.3609235286712646,3.336010742187499,6.228766965866089,208.5684023619997,False
53,187.01262642799884,1.7968354,4425.582039966282,21.366283021001436,1824,1.8365877866744995,7038.5796,4742.9883,0.45074472,1.4941437244415283,3.7259488582611056,6.112568950653072,208.38335338199977,False
54,168.34858232699844,1.7938162,4365.379526627216,18.873917943001288,1824,1.8597798347473145,7038.58,4731.1675,0.44541577,1.4845795631408691,3.753218913078308,7.203928232192991,187.2263006159992,False
55,169.0738738550026,1.7857206,4375.13736912777,19.063299030000053,1824,1.696265459060669,7038.5796,3918.5862,0.4490044,1.378468632698059,3.485321283340453,5.911133642196655,188.14117897699907,False
56,177.37608532100057,4.1856103,9431.086658780136,21.339811629000906,1824,4.562834739685059,7038.58,8177.946,1.9476929,2.676666736602783,11.79227018356323,23.816164932250953,198.7194716970007,False
57,182.04781735900178,3.5613403,7413.359491423738,19.495233259000088,1824,2.9247710704803467,7038.5796,6837.85,1.0212371,2.2655203342437744,6.360557889938351,10.754868984222405,201.54659720400014,False
58,173.53999822399783,2.9197538,6491.80421427293,19.07376507799927,1824,2.48262882232666,7038.58,5942.039,0.94066393,1.945407509803772,5.686895942687988,9.95316259384155,192.61720358299863,False
59,168.9168962850017,2.5750895,5784.082016694032,19.097882264999498,1824,2.31321120262146,7038.5796,5216.834,0.84310746,1.721220850944519,5.608971309661862,9.706822566986084,188.01849985100125,False
60,164.58696519700243,2.477092,5556.996074252388,18.65452138299952,1824,2.425313949584961,7038.58,5780.458,0.6702581,1.7384737730026245,6.0212930679321275,11.409357223510742,183.24484546500025,False
61,173.19537539099838,2.4026594,5435.746966950784,18.958349338001426,1824,2.1900017261505127,7038.5796,5139.3364,0.7205017,1.6606569290161133,5.105772161483763,8.288272533416746,192.15691690199674,False
62,179.94972370200048,2.3233404,5375.068475541818,21.316668395997112,1824,2.118569850921631,7038.58,4994.6987,0.6630163,1.6200380325317383,4.948396587371825,8.306363983154293,201.269867119001,False
63,188.3851994769975,2.2771077,5287.535325704437,19.597342998000386,1824,2.058920383453369,7038.58,4851.1333,0.6632,1.5794751644134521,4.916441249847412,7.563807287216185,207.98575717700078,False
64,175.21524046899867,2.2142618,5253.499567673429,20.268897271998867,1824,2.0145466327667236,7038.58,4820.3735,0.6427976,1.5519567728042603,4.619049549102774,7.1947822189331045,195.48841162799727,False
65,170.141119265998,2.1626217,5262.889385176072,19.176021655999648,1824,2.003674030303955,7038.58,4758.42,0.6741316,1.5899618864059448,4.4543014526367175,6.938619604110716,189.3207158969999,False
66,171.06110378000085,2.1133628,5190.793515517871,21.341881224001554,1824,1.9964650869369507,7038.5796,4833.891,0.60304725,1.5648267269134521,4.39582085609436,7.693154191970822,192.4066947829997,False
67,174.12545330399735,2.069382,5070.786100807238,21.351783797999815,1824,1.9437543153762817,7038.58,4704.8633,0.5796121,1.510513424873352,4.309423398971557,7.266662492752073,195.48149317800198,False
68,166.61598474700077,2.0328841,4902.895715704928,19.569483445000515,1824,1.8794636726379395,7038.5796,4527.856,0.58735186,1.4658571481704712,4.095724821090698,6.848973379135128,186.18909992200133,False
69,177.65543068099942,1.9857408,4815.893625679845,19.116322292000405,1824,1.8770846128463745,7038.58,4326.6235,0.5182834,1.4295926094055176,4.021013498306272,7.930364227294919,196.77502391399685,False
70,168.41276984200158,1.9534991,4712.388826010753,18.920515637997596,1824,1.8493787050247192,7038.58,4314.2144,0.5728998,1.4643058776855469,3.971940445899959,6.848461570739745,187.33655249000003,False
71,181.48887504899903,1.9267578,4685.9567132649945,19.03107865799757,1824,1.9233169555664062,7038.58,4562.474,0.45978284,1.4840857982635498,4.212591695785518,7.75833999633789,200.52332194500195,False
72,166.06706071900044,1.8907506,4553.6794438587285,18.792064616998687,1824,1.8050968647003174,7038.5796,4267.6333,0.48652735,1.437056064605713,3.7504649639129584,6.486182737350463,184.86294528400322,False
73,169.03367437899942,1.885435,4555.438998586815,19.306627616002515,1824,1.7858983278274536,7038.58,4113.526,0.4921661,1.4082441329956055,3.6703038692474363,6.439697036743164,188.34338092700273,False
74,179.03960028800066,1.8551623,4556.458670106622,18.642028629001288,1824,1.8371981382369995,7038.58,4599.286,0.4496461,1.4531760215759277,3.858083534240721,6.529678802490231,197.68472122800085,False
75,171.66788569399796,1.818878,4358.818724869371,21.166163347999827,1824,1.7177815437316895,7038.58,4057.087,0.48851258,1.3661478757858276,3.345547437667844,6.352479324340819,192.83804153899837,False
76,184.14401398399787,1.8004473,4396.6967370267,21.778698004000034,1824,1.7332676649093628,7038.5796,3835.5645,0.4892506,1.3871994018554688,3.411054015159603,6.183310575485224,205.93011923299855,False
77,180.8772855740026,1.8062184,4381.101485413738,21.157875548000447,1824,1.734255313873291,7038.58,3973.9924,0.47342303,1.4086506366729736,3.5126791477203367,5.994081087112426,202.03814736399727,False
78,176.89082230799977,1.7969971,4285.526078114739,20.35339795699838,1824,1.7012569904327393,7038.5796,3798.3413,0.4558818,1.3628102540969849,3.434702348709106,5.714131326675414,197.25045818500075,False
79,176.95525989400267,1.7911692,4306.199441744728,18.772187022001162,1824,1.7010221481323242,7038.58,3944.2732,0.4455603,1.3918575048446655,3.4207193136215195,5.393841695785522,195.734727037001,False
80,178.29613111900107,1.7888775,4303.878444621206,19.524003768998227,1824,1.7315539121627808,7038.5796,3778.1882,0.5486238,1.397067904472351,3.5166915178298925,5.994182682037347,197.82648430299741,False
81,180.99263724400225,1.7770152,4275.964037600877,21.205684647000453,1824,1.687099814414978,7038.5796,3827.5564,0.44134712,1.3548808097839355,3.4373338460922223,5.8909381961822405,202.2050094160004,False
82,185.72347824499957,1.7827122,4298.103984686365,18.844450062999385,1824,1.7111976146697998,7038.58,3941.305,0.4335494,1.35880708694458,3.5193263292312618,6.223169116973874,204.57420005699896,False
83,186.5090366689983,1.762104,4256.688036757942,19.67593372400006,1824,1.7118018865585327,7038.5796,3683.2375,0.5720931,1.402456521987915,3.4369969606399535,5.457540798187255,206.19201157000134,False
84,184.47381615199993,1.7693362,4187.20445311854,19.93633331899764,1824,1.7876641750335693,7038.58,4275.187,0.4179114,1.4350517988204956,3.6924990177154533,6.249447498321527,204.41667885999777,False
85,166.4270146730014,1.7663771,4246.835214078443,19.333682020998822,1824,1.6804088354110718,7038.58,3732.946,0.523674,1.3830548524856567,3.302297091484068,5.996716718673706,185.76678244399955,False
86,181.17197648099682,1.7553403,4265.10112467547,19.624898940001003,1824,1.7183146476745605,7038.5796,3892.2805,0.5607501,1.4051740169525146,3.3951511621475214,5.472037630081176,200.80047479399946,False
87,169.32270827699904,1.7453486,4172.263625851251,18.75706926299972,1824,1.6974738836288452,7038.58,3918.0771,0.41788203,1.3674054145812988,3.3512983798980693,6.005614871978758,188.08611780099818,False
88,173.5546756440017,1.7465507,4180.402893911418,18.907262863998767,1824,1.673734426498413,7038.58,3813.812,0.45815045,1.3636306524276733,3.308523583412167,5.688750505447388,192.465362793002,False
89,173.03095365199988,1.7454016,4172.663358253995,19.17140713799745,1824,1.6907627582550049,7038.58,3850.1782,0.49236947,1.3745055198669434,3.2261277437210074,4.957059507369993,192.21937568800058,False
90,182.2432313979989,1.7452586,4195.974144975642,19.594686866999837,1824,1.65249502658844,7038.5796,3671.128,0.46063018,1.3333735466003418,3.1738297700881937,5.105201616287231,201.8500455559988,False
91,166.02858903599918,1.7305512,4161.8969915068665,19.970466168000712,1824,1.735594391822815,7038.58,4208.211,0.40646425,1.415446162223816,3.4717289924621575,6.14386068344116,186.00514591899992,False
92,181.1851891289989,1.7440464,4179.169773694221,18.74495980899883,1824,1.707304835319519,7038.58,4117.074,0.4095517,1.3572379350662231,3.483991479873654,5.7359878540039055,199.93337815700215,False
93,169.93561119199876,1.731263,4100.770830508834,19.459769419998338,1824,1.8287497758865356,7038.58,4424.8154,0.42077217,1.4960780143737793,3.810934686660764,6.398218469619749,189.3987642630018,False
94,164.9756742319987,1.7273675,4165.34724420382,18.68291260499973,1824,1.6733150482177734,7038.5796,3821.0505,0.43781918,1.3408112525939941,3.2477646589279154,5.765421876907348,183.6617355749986,False
95,167.89831462099755,1.7213645,4108.634593756259,21.3377654529977,1824,1.6988638639450073,7038.58,3869.0293,0.4428943,1.365774154663086,3.219882035255432,6.01889172554015,189.2395524450003,False
96,173.2115341610006,1.7228643,4130.386559363252,19.138788207998005,1824,1.6700961589813232,7038.5796,3849.0442,0.47330317,1.3693333864212036,3.2873696088790867,5.665964412689208,192.35394556900064,False
97,184.2617289209993,1.7283922,4058.6279458679646,21.487693797000247,1824,1.6876776218414307,7038.58,3965.124,0.46047163,1.356188416481018,3.3629155874252317,5.673556823730467,205.75308234000113,False
98,166.7705664109999,1.7272358,4058.23507803517,21.465824255999905,1824,1.689756989479065,7038.5796,4012.312,0.43357274,1.3646012544631958,3.4446370124816887,5.932012243270874,188.23986875000264,False
99,173.38200617199982,1.7273463,4053.227155458441,19.09064119300092,1824,1.6987049579620361,7038.5796,4111.2715,0.43372223,1.3864363431930542,3.3790703296661375,5.508758296966552,192.4762078729982,False
100,164.56853263400262,1.7230818,4146.908958450383,18.7124554309994,1824,1.6680660247802734,7038.58,3697.9263,0.43122196,1.376691460609436,3.2174814462661745,5.9653657817840555,183.28419944000052,False
101,179.2546749489993,1.7051787,3971.7867301460874,21.397654144002445,1824,1.6550464630126953,7038.5796,3696.7744,0.42937797,1.367822527885437,3.1798480749130236,5.500423383712768,200.65632597599688,False
102,186.91532549600015,1.7068511,4016.3258874577127,21.554154443001607,1824,1.6468015909194946,7038.5796,3627.8252,0.41163358,1.3404185771942139,3.093979072570801,5.530759944915768,208.47988376399735,False
103,179.49406228000225,1.7216823,4045.3580880257514,21.257866722000472,1824,1.7105313539505005,7038.5796,4233.178,0.43121094,1.417769432067871,3.3115795135498023,5.673474950790405,200.7553461949974,False
104,179.14556038199953,1.7006907,4030.5663419858706,19.061372097999993,1824,1.6664423942565918,7038.58,3999.8777,0.4181707,1.389067530632019,3.245542287826536,5.661022958755493,198.21013438499722,False
105,177.54502405200037,1.7016499,3908.1125069814407,19.55160737299957,1824,1.6630077362060547,7038.58,3850.0613,0.40939465,1.3427708148956299,3.3452277660369862,5.492709875106811,197.10015941799793,False
106,173.18705979399965,1.7045009,3992.88228296369,18.882550565998827,1824,1.6202960014343262,7038.58,3552.6863,0.4674821,1.338059663772583,3.071758341789245,5.496704921722411,192.0781705929985,False
107,165.24001962200055,1.6943961,3953.2292412585984,18.672626669002057,1824,1.720855474472046,7038.5796,4243.645,0.44017595,1.429938793182373,3.2821478843688965,5.376909408569336,183.91586450600153,False
108,167.40585889199792,1.7158289,3979.6388362617927,21.921270347000245,1824,1.644976019859314,7038.58,3549.6663,0.45934293,1.3439342975616455,3.2828666687011707,5.590800609588621,189.3342413620012,False
109,186.69850392700027,1.7118162,3994.505328542378,19.55748269399919,1824,1.6326886415481567,7038.5796,3532.8179,0.48568588,1.343946099281311,3.177602243423462,4.824974269866943,206.2660619269991,False
110,168.75214651299757,1.6918254,3917.8844924470995,18.714852457000234,1824,1.6306865215301514,7038.5796,3476.1777,0.47953066,1.324887990951538,3.1186674833297725,5.4252960777282695,187.47652064900103,False
111,179.25664016800147,1.6964647,3961.3347461894273,19.80286888000046,1824,1.653022289276123,7038.58,3688.3647,0.44792742,1.3416458368301392,3.2070054292678822,5.668312749862668,199.06336534000002,False
112,165.36468669900205,1.6938617,3915.4875165041817,18.840059977999772,1824,1.6419806480407715,7038.58,3806.239,0.42429754,1.320183515548706,3.192906236648559,5.549155750274656,184.21060772400233,False
113,178.14385701900028,1.6855981,3915.7338506423116,20.587050562000513,1824,1.7065702676773071,7038.5796,4004.602,0.39671665,1.3888885974884033,3.385826897621153,5.334548816680907,198.73690472499948,False
114,181.66214138400028,1.6993753,3919.40174450518,21.29836261300079,1824,1.6637040376663208,7038.58,3772.1816,0.43446094,1.330057978630066,3.3662590265274046,5.552983474731445,202.96427566000057,False
115,187.23937739799658,1.6978112,3944.3355310767324,19.05321708200063,1824,1.629804253578186,7038.58,3626.4658,0.4214549,1.3199164867401123,3.232685136795043,5.089113521575926,206.29885571999694,False
116,176.99445741800082,1.6877029,3858.4271284943406,19.19305879500098,1824,1.6288204193115234,7038.58,3573.9,0.4116104,1.338770866394043,3.1407704114913932,5.057681894302365,196.190583091,False
117,172.26412185500158,1.6858754,3898.7448873321646,20.627375546999247,1824,1.6057907342910767,7038.58,3411.2144,0.3966412,1.3300142288208008,3.1622395753860473,4.758854484558098,192.90472003499963,False
118,188.9927425900023,1.6935965,3880.938719788855,21.35651912100002,1824,1.668480396270752,7038.58,3817.1624,0.4571791,1.3544102907180786,3.2562041282653804,5.309561033248901,210.35255462299756,False
119,181.050604611999,1.6764919,3848.855110393994,18.855317724002816,1824,1.6127567291259766,7038.5796,3448.6274,0.45212325,1.32759428024292,3.115815663337707,5.253889141082762,199.909489777001,False
120,175.72741478499665,1.6877085,3882.9639842453207,21.49876533600036,1824,1.6761103868484497,7038.58,3820.2034,0.3868497,1.3804140090942383,3.388719224929809,5.707222995758055,197.23332707100053,False
121,173.51688484799888,1.688092,3856.6172767172666,21.23404566699901,1824,1.6201478242874146,7038.58,3355.0447,0.48390508,1.3203834295272827,3.1267451763153056,5.043164672851561,194.7577410069971,False
122,184.99522993199935,1.7009815,3890.0387852603358,21.148880444001406,1824,1.6254945993423462,7038.5796,3510.7576,0.4106398,1.3346482515335083,3.199150252342222,5.460575914382933,206.14734183199835,False
123,187.90044423699874,1.6832086,3824.603837691429,21.702531603001262,1824,1.6236965656280518,7038.5796,3551.338,0.41068617,1.3150951862335205,3.1526023387908912,5.379663133621214,209.61062099899937,False
124,183.6686646269991,1.6824341,3812.247796265418,21.487630480001826,1824,1.6506272554397583,7038.58,3635.7886,0.39792818,1.3582969903945923,3.3018680334091184,5.483326387405394,205.16006923200257,False
125,178.6095818089998,1.6621891,3766.5224595817626,20.507635439000296,1824,1.6901203393936157,7038.5796,3865.2236,0.389462,1.3784207105636597,3.350086760520935,5.788048944473266,199.12050704799913,False
126,165.9290382429972,1.6807562,3873.100037211254,19.10918772399964,1824,1.6552040576934814,7038.58,3713.4277,0.3976137,1.3212791681289673,3.2545733213424684,5.420046005249011,185.0415163459984,False
127,183.0883172850008,1.677583,3780.4997574440636,21.214695629001653,1824,1.652551293373108,7038.5796,3621.853,0.38752392,1.3282619714736938,3.3157294273376454,5.95262985229492,204.30653486400115,False
128,166.72773166499974,1.6686965,3781.463378580843,19.133848759000102,1824,1.710167407989502,7038.5796,4096.5063,0.41624594,1.3888293504714966,3.442187786102295,5.495645942687988,185.86534707100145,False
129,168.12512680299915,1.673249,3814.1887726188934,21.810440859000664,1824,1.7296098470687866,7038.58,4015.3948,0.38979942,1.383540153503418,3.6088788270950314,6.049287710189819,189.93910498800324,False
130,178.0054850910019,1.6636865,3756.6437162000575,21.51383407600224,1824,1.6210960149765015,7038.58,3498.6277,0.4164782,1.3123880624771118,3.2717230558395385,5.257879009246826,199.52570590100004,False
131,183.05122991400276,1.6684768,3758.1685706491444,21.51806249800211,1824,1.6476361751556396,7038.5796,3725.4976,0.38802835,1.327005386352539,3.2512284755706773,5.626541051864623,204.5725324269988,False
132,187.32479366900225,1.6807725,3820.4991308032018,19.028321247998974,1824,1.7467491626739502,7038.58,4173.6143,0.4005275,1.4258204698562622,3.6037294387817376,5.481053142547606,206.35612685600063,False
133,186.27282892900257,1.6840508,3829.600792461009,21.354255356000067,1824,1.6488879919052124,7038.58,3593.9321,0.40681428,1.3346493244171143,3.302160239219663,5.8694683742523175,207.63049526500254,False
134,173.30363041500095,1.7185243,3817.4407686241025,21.257208892999188,1824,1.6645526885986328,7038.5796,3651.8352,0.42376137,1.3453303575515747,3.287137079238889,5.047611446380614,194.56410455100195,False
135,179.0883385399975,1.7432742,4197.685803938497,19.91531536199909,1824,1.7637135982513428,7038.5796,3673.0884,0.44636843,1.382872462272644,3.6333089828491194,7.63581848144531,199.00732525799685,False
136,183.5667005409996,1.7297652,3926.78051521561,18.79636964599922,1824,1.6925677061080933,7038.5796,3955.26,0.4006389,1.3760489225387573,3.4601297855377195,5.650440778732298,202.3663056789992,False
137,183.11878488000002,1.6854358,3785.66889257116,20.466063707001013,1824,1.6461493968963623,7038.5796,3757.528,0.4100134,1.3357024192810059,3.357952427864072,5.505995292663574,203.58815013999993,False
138,178.39688747999753,1.6723891,3785.765263902985,21.45427746999485,1824,1.6595566272735596,7038.58,3587.2617,0.5066606,1.3316853046417236,3.2158927917480464,5.694870014190673,199.85485607699957,False
139,180.4838725160007,1.6802292,3782.8482085336,19.001598928996827,1824,1.617416501045227,7038.58,3586.3298,0.42419285,1.3212758302688599,3.13480863571167,5.365589351654049,199.48875818500528,False
140,175.03655467300268,1.6657315,3725.424767253671,18.978494351002155,1824,1.6683058738708496,7038.58,3632.5852,0.39570352,1.3665499687194824,3.2802294015884397,5.362457494735718,194.01842519500497,False
141,167.64574561299378,1.6672599,3773.0160426831867,21.631743101999746,1824,1.61770498752594,7038.58,3367.0742,0.43307203,1.3149747848510742,3.1361655473709105,5.253575420379637,189.28081910900073,False
142,170.706372147004,1.6594914,3715.330202813765,20.546026914998947,1824,1.6425498723983765,7038.5796,3644.957,0.37937635,1.3115603923797607,3.2721497774124133,5.623098592758178,191.26255419499648,False
143,169.93943041900638,1.6649556,3766.969201509029,19.7002927479989,1824,1.685707926750183,7038.5796,3820.591,0.39730367,1.3752520084381104,3.3251313209533677,5.6169131851196274,189.6430730619977,False
144,171.82025208500272,1.658912,3698.1465550087496,19.421589360004873,1824,1.6229971647262573,7038.5796,3581.1099,0.40241268,1.3221086263656616,3.2006522655487037,5.12753716468811,191.24623178399634,False
145,183.04204931099957,1.6653334,3685.675629036963,19.703549891994044,1824,1.6887246370315552,7038.5796,3801.0715,0.37998778,1.3639588356018066,3.414461851119995,5.806061105728148,202.74971829500282,False
146,184.571955170999,1.6662574,3761.0611110056093,20.51490529599687,1824,1.618383526802063,7038.58,3592.0378,0.38613024,1.3117733001708984,3.203533482551574,5.508953323364257,205.090165833004,False
147,170.66304023799603,1.6514838,3726.154100588503,19.32267475000117,1824,1.6021639108657837,7038.5796,3404.357,0.40652063,1.2979848384857178,3.16488356590271,4.951308526992798,189.99256771200453,False
148,173.0039349810031,1.6566054,3726.881184689091,20.839092850997986,1824,1.604008674621582,7038.58,3498.944,0.38464558,1.3010520935058594,3.1783011198043787,5.502940082550046,193.84669353200297,False
149,185.2537750670017,1.6664464,3778.6931808237205,21.233723844998167,1824,1.6351841688156128,7038.5796,3574.0059,0.38500568,1.310518741607666,3.222021079063415,6.0729103565216045,206.49098494200007,False
150,174.12316909799847,1.6732943,3766.4820582547272,21.262668010000198,1824,1.6860113143920898,7038.58,3745.2505,0.38208434,1.37147855758667,3.346443915367125,5.992850589752193,195.3892474880049,False
151,178.7532368290049,1.6642855,3713.5371892037097,19.04345789999934,1824,1.606980323791504,7038.5796,3489.2175,0.4045792,1.310286283493042,3.1368788003921484,5.5119339561462395,197.80036563400063,False
152,178.3359733410034,1.6594675,3718.8218454283874,18.947581564003485,1824,1.6011241674423218,7038.58,3332.1084,0.44388437,1.313361644744873,3.1302220106124867,5.644703464508057,197.28977643999679,False
153,166.78113771800417,1.6546633,3774.8409228873916,21.268726659000095,1824,1.624862551689148,7038.58,3484.2158,0.38702837,1.3212244510650635,3.124239063262939,5.442434072494506,188.0532127980041,False
154,177.19395248799992,1.6661832,3767.655872867884,21.59944197099685,1824,1.8258557319641113,7038.58,4654.052,0.40118182,1.47021484375,3.9480044603347757,6.22152693748474,198.796812943001,False
155,184.1397498160004,1.6643912,3737.2069560001664,19.840975867999077,1824,1.6453139781951904,7038.58,3720.5935,0.41467753,1.3302022218704224,3.320642161369319,5.390783329010008,203.98457261200383,False
156,173.44646585999726,1.6565088,3712.8329713616586,20.600508990995877,1824,1.7195574045181274,7038.58,3998.2175,0.38595125,1.3551795482635498,3.637487173080441,5.671288433074949,194.0502980129968,False
157,168.94982812100352,1.6469792,3650.2377010045807,19.349467596999602,1824,1.665796160697937,7038.58,3871.2546,0.39724588,1.352640151977539,3.277363824844359,5.686034727096556,188.30286288700154,False
158,175.8175644810035,1.6532257,3685.4759994577753,19.12140028399881,1824,1.6825671195983887,7038.5796,3825.4211,0.3989219,1.3524057865142822,3.2521808624267576,6.095064630508421,194.94203124600608,False
159,176.1937682630014,1.6463659,3686.5342140706243,19.546254042004875,1824,1.6223567724227905,7038.5796,3526.8071,0.4004623,1.3219799995422363,3.2374034881591762,5.3267844581603985,195.74334154799726,False
160,174.72593354099808,1.660625,3721.1221057961316,21.728527371000382,1824,1.6500452756881714,7038.58,3391.8335,0.42482758,1.3437293767929077,3.195376467704773,5.566411190032957,196.4580819410039,False
161,178.37553081499937,1.6553987,3662.8726442160923,21.271717293995607,1824,1.6217055320739746,7038.58,3453.5447,0.39878434,1.324928641319275,3.2261216163635247,5.031151971817016,199.6504451130022,False
162,178.327773858,1.6588212,3675.505452954839,18.75975360499433,1824,1.5918707847595215,7038.58,3464.3235,0.4119687,1.3136045932769775,3.041120052337646,4.996307754516601,197.09395347600366,False
163,167.7461196449949,1.6548225,3666.2455058219552,19.155298394995043,1824,1.6552941799163818,7038.58,3781.549,0.40309277,1.3589624166488647,3.190536904335022,5.423374538421628,186.90440857499925,False
164,178.63652559199545,1.6481475,3727.313080854381,19.30767689399363,1824,1.630534291267395,7038.5796,3553.3574,0.38823968,1.3246492147445679,3.2801231384277334,5.300303745269773,197.94727734400658,False
165,171.30344075799803,1.6605468,3692.410336616192,19.137599153000338,1824,1.6252033710479736,7038.58,3469.6113,0.4003476,1.3523352146148682,3.079900908470153,5.24792770385742,190.4444338539979,False
166,168.96827740200388,1.6481738,3660.1979292038814,18.86224300399772,1824,1.673944354057312,7038.5796,3846.2302,0.38570577,1.368027925491333,3.434480166435242,5.707528781890867,187.83405930999288,False
167,167.51452922700264,1.6492152,3668.615094397409,20.552546399005223,1824,1.8272098302841187,7038.58,4325.5938,0.4064998,1.4851292371749878,3.8264667272567734,5.942926197051999,188.0703074789999,False
168,174.79738637300034,1.6448877,3661.266570718245,19.736060390001512,1824,1.5917714834213257,7038.5796,3236.105,0.44347656,1.3088902235031128,2.9281750917434692,5.192090826034545,194.54306578999967,False
169,168.85837605800043,1.6473346,3660.9974461228626,19.863966230004735,1824,1.6289749145507812,7038.5796,3636.5642,0.38321534,1.3135825395584106,3.3801418781280512,5.084104967117309,188.72576395799842,False
170,165.34104006900452,1.7759445,3863.76670129037,18.98062406900135,1824,1.691235065460205,7038.5796,3929.3132,0.43040344,1.3819166421890259,3.3307135343551613,6.050266857147216,184.32480935799686,False
171,172.52916576799907,1.706811,3880.29968556206,20.328618511004606,1824,1.6923885345458984,7038.58,3982.9182,0.43402436,1.382887601852417,3.4356469154357905,5.607899932861323,192.86109343400312,False
172,175.52300766099506,1.6629679,3673.6324196926753,21.48098103299708,1824,1.6905510425567627,7038.58,3906.6748,0.40092212,1.4034885168075562,3.3938925743103026,4.982147550582884,197.00747554499685,False
173,175.97351756599528,1.6622369,3666.9909689417095,20.81200878499658,1824,1.627630352973938,7038.5796,3667.9668,0.4007221,1.3148987293243408,3.156851696968077,5.244797515869138,196.7889934509949,False
174,184.19953505099693,1.6450789,3666.759272676687,21.412164358000155,1824,1.6130915880203247,7038.58,3528.5254,0.40230012,1.3142575025558472,3.1931308507919294,5.34715836524963,205.61563291600032,False
175,181.10340074200212,1.6624331,3712.4986889342986,19.37058117500419,1824,1.6654912233352661,7038.58,3727.5212,0.39490807,1.3859012126922607,3.2254019737243653,5.5870568466186485,200.47741752999718,False
176,185.79788508899946,1.6407821,3645.549031327301,19.07711277600174,1824,1.6917012929916382,7038.58,4004.626,0.42106363,1.3830803632736206,3.3992551088333127,5.448219366073609,204.87843091899413,False
177,178.15485126899875,1.660367,3686.611812769787,18.880535593998502,1824,1.7545157670974731,7038.58,4237.571,0.3863193,1.400560975074768,3.7032932281494118,6.503600864410399,197.03884486699826,False
178,181.96557905900409,1.6406615,3643.125125897788,21.459359372995095,1824,1.592638611793518,7038.58,3386.448,0.44050553,1.2980531454086304,3.0421628713607785,4.730006923675536,203.43195279200154,False
179,185.70490175300074,1.6559225,3637.10016126485,21.312804640998365,1824,1.617343783378601,7038.5796,3584.4656,0.4209306,1.3316038846969604,3.1476660728454577,5.394827966690063,207.02111546500237,False
180,180.08784095900046,1.646466,3657.4192566675024,21.29788587600342,1824,1.6246652603149414,7038.5796,3624.7178,0.39987934,1.3138140439987183,3.157934021949768,4.99578010559082,201.38932958200166,False
181,180.56874746700487,1.639883,3629.21369949831,21.339785464995657,1824,1.7243136167526245,7038.58,4168.1274,0.38762987,1.3942863941192627,3.5501455783843983,5.724959468841552,201.9118374220052,False
182,183.81566820999433,1.638136,3629.181267709098,21.38986346400634,1824,1.7067372798919678,7038.58,4010.8616,0.39855862,1.4096825122833252,3.428883385658264,5.7903001117706285,205.2088171120049,False
183,176.28849508599524,1.6511412,3666.922686861371,19.093188451995957,1824,1.6716724634170532,7038.5796,3715.36,0.3850021,1.344496250152588,3.4768883943557736,5.703307657241821,195.38488092899934,False
184,179.8171640770015,1.6411241,3629.313533796597,21.266565151003306,1824,1.5966732501983643,7038.58,3264.341,0.4340437,1.2930558919906616,3.1134507894515986,4.66401446342468,201.09376728999632,False
185,169.16210282300017,1.6486663,3659.987104097618,18.973460767003417,1824,1.6800854206085205,7038.5796,3925.2686,0.3906961,1.3690462112426758,3.2482892751693724,5.120438814163203,188.13897073900444,False
186,165.07998531799967,1.6277446,3572.42005582285,20.762606386000698,1824,1.644549012184143,7038.58,3910.005,0.408235,1.372999906539917,3.21701922416687,5.134918174743651,185.84571985500224,False
187,189.39542568300385,1.6405691,3647.2691887378355,21.35893197000405,1824,1.6345984935760498,7038.5796,3521.0442,0.37864074,1.3246564865112305,3.127195572853087,5.471608839035033,210.7608832209953,False
188,181.6899080009971,1.6326375,3583.149655738149,20.771757759001048,1824,1.59605872631073,7038.5796,3423.7346,0.39249805,1.2860660552978516,3.1844167232513425,5.057132778167723,202.4685121010043,False
189,188.95272531400406,1.6415762,3644.0133300400507,21.70149149599456,1824,1.6177959442138672,7038.5796,3498.3926,0.38225248,1.317179560661316,3.150879955291748,5.396036148071286,210.6575795220051,False
190,176.50463428399962,1.6530792,3593.106548526662,21.831248845999653,1824,1.5792737007141113,7038.58,3314.8582,0.44574994,1.2842801809310913,3.054147672653198,4.728375101089477,198.34219621400553,False
191,187.89684179899632,1.6341255,3607.9656520260214,21.26914300500357,1824,1.725813865661621,7038.58,4138.235,0.3910241,1.4000048637390137,3.5455949544906575,5.8772888851165765,209.16927920800663,False
192,188.06495428799826,1.6288297,3559.8247831641183,21.336432660995342,1824,1.6369162797927856,7038.5796,3505.4656,0.38938132,1.3223828077316284,3.277299427986145,5.295761413574218,209.40467011399596,False
193,177.85054283299542,1.6392931,3626.732089790487,20.95394332500291,1824,1.6396913528442383,7038.58,3645.813,0.37953404,1.3320467472076416,3.3012837409973144,5.140036334991453,198.8077012950016,False
194,186.6909911949988,1.6415378,3617.9269311699577,19.112548967001203,1824,1.6523127555847168,7038.5796,3837.4812,0.39626712,1.344325065612793,3.1908716201782203,5.419139080047607,205.80716422200203,False
195,180.0628529280002,1.6379353,3580.9162832467255,21.267062159997295,1824,1.58745539188385,7038.5796,3308.3215,0.39382416,1.2763056755065918,3.1863472700119,5.183290033340453,201.337601539999,False
196,188.611751214994,1.6377704,3614.0206673424927,20.46014969800308,1824,1.6102629899978638,7038.58,3394.7373,0.43555543,1.3048304319381714,3.211937141418456,5.318141040801999,209.0751267270025,False
197,169.2434076740028,1.6391268,3574.2808377271745,18.816142943003797,1824,1.6168655157089233,7038.58,3432.861,0.37863442,1.325674295425415,3.1636796712875355,5.204054136276242,188.06561129899637,False
198,168.89426093899965,1.628105,3596.5599231195315,19.39937316400028,1824,1.6196612119674683,7038.5796,3459.8477,0.3771195,1.3084111213684082,3.2341718912124624,5.5125523471832265,188.30146251899714,False
199,177.0441495549967,1.6314757,3551.6750604366944,21.316574377000507,1824,1.6156220436096191,7038.58,3507.8076,0.39176115,1.3062567710876465,3.09048478603363,4.837627754211424,198.36414499999955,False
200,172.31114310099656,1.6307855,3557.466072339897,19.069674598002166,1824,1.7087966203689575,7038.58,3926.9165,0.37531504,1.373521327972412,3.6014076471328718,6.073598251342771,191.38724076100334,False
201,176.28509515099722,1.6507615,3582.579405704813,21.390886095992755,1824,1.6687098741531372,7038.5796,3965.94,0.3783295,1.336737871170044,3.454337549209594,6.053880205154417,197.67929633800668,False
202,186.93205739800032,1.6273929,3555.566471557976,21.38506346599752,1824,1.6263209581375122,7038.58,3397.761,0.39952436,1.300371766090393,3.1673881292343116,5.794514217376708,208.3204042590005,False
203,172.33956188699813,1.6220633,3562.5786274492802,18.684035773003416,1824,1.628019094467163,7038.58,3561.993,0.3769475,1.3148716688156128,3.2801057100295994,4.843772230148315,191.026753043996,False
204,166.73148153499642,1.6288035,3589.2484138734385,21.374767632994917,1824,1.6212491989135742,7038.5796,3522.2131,0.40550634,1.3067247867584229,3.338061833381651,5.622528495788571,188.10974462299782,False
205,185.71410561100492,1.6323982,3573.688438287446,21.364166634004505,1824,1.6046738624572754,7038.58,3410.774,0.40443406,1.294272541999817,3.1779592752456653,5.435264911651608,207.0815340160043,False
206,183.06924913400144,1.6316353,3582.809546806224,21.36536273299862,1824,1.6957929134368896,7038.5796,3887.664,0.3991417,1.3655506372451782,3.556914854049681,5.8843749332427935,204.43807221000316,False
207,188.87901343600242,1.6306504,3583.437027350364,19.351075725993724,1824,1.621679425239563,7038.58,3462.242,0.37123787,1.305444359779358,3.145341157913206,5.4475146389007545,208.2361468270028,False
208,186.6502291509969,1.6207747,3566.7984315118615,21.280233605997637,1824,1.645115852355957,7038.5796,3653.0085,0.3917541,1.3386954069137573,3.2839894771575917,5.376658802032471,207.93400060900603,False
209,170.7595737349984,1.6274022,3544.3819022632806,19.031781101999513,1824,1.621030330657959,7038.58,3474.0122,0.38278654,1.3212037086486816,3.205000162124634,5.603166532516478,189.79489250599727,False
210,183.9999749540002,1.6287243,3560.3314076526685,21.46032929699868,1824,1.6505465507507324,7038.5796,3649.2793,0.37935564,1.3251005411148071,3.1702770709991457,5.1481115341186525,205.46379198000068,False
211,166.07757739199587,1.6176435,3548.5506190400174,18.994567112997174,1824,1.6393228769302368,7038.5796,3470.1897,0.4096523,1.3263381719589233,3.054535508155821,5.373514108657836,185.0758985049979,False
212,175.82044873599807,1.6297257,3579.1019450382114,21.449434779999137,1824,1.7352546453475952,7038.58,3956.3552,0.38325983,1.394984245300293,3.544174361228942,6.130576257705686,197.27314288599882,False
213,165.68187338999996,1.6365379,3585.0340130696213,18.935752106997825,1824,1.6507755517959595,7038.5796,3329.0623,0.47484672,1.3108532428741455,3.3830604076385495,6.3461588001251155,184.620944383998,False
214,186.93159365800238,1.6462295,3639.098614497944,20.00034620599763,1824,1.7054717540740967,7038.58,3812.9014,0.38491112,1.3732997179031372,3.51723096370697,6.147908782958983,206.93523378400278,False
215,186.60817645600036,1.6280428,3543.2571876710495,19.03146033300436,1824,1.5976779460906982,7038.58,3325.9526,0.41192183,1.300513505935669,3.1177985668182364,4.906515274047849,205.64280458100257,False
216,186.18469220200495,1.6326725,3560.412862615563,19.071285023004748,1824,1.574704647064209,7038.58,3213.337,0.4218392,1.2894270420074463,3.016524314880371,5.238999366760253,205.26197009799944,False
217,168.55519399900368,1.6233497,3566.920456136407,19.93462363800063,1824,1.6815106868743896,7038.5796,4005.244,0.39619523,1.3902966976165771,3.314899444580078,5.655060176849362,188.49298501299927,False
218,175.99686066799768,1.6370989,3529.6606185123715,20.91508985999826,1824,1.6137107610702515,7038.5796,3394.316,0.4127183,1.2929940223693848,3.170165753364563,5.099900979995727,196.91534427699662,False
219,166.90336346700497,1.6253028,3548.843160462183,21.381747084997187,1824,1.6087055206298828,7038.58,3444.9507,0.40729144,1.2903099060058594,3.2013910531997682,5.345074243545531,188.2885277739988,False
220,176.76835849100462,1.6254145,3538.1988932495074,18.781375963000755,1824,1.6592514514923096,7038.58,3818.1719,0.3724326,1.3312667608261108,3.43067774772644,5.774753618240355,195.5531402179986,False
221,178.35801351199916,1.6276342,3584.8698980939776,21.66306380899914,1824,1.6311513185501099,7038.5796,3527.1094,0.38734397,1.3279825448989868,3.229585123062133,5.047570552825927,200.02435454600345,False
222,188.90862371600087,1.6175469,3528.1980656431183,21.49507915200229,1824,1.5775041580200195,7038.5796,3218.2646,0.42469534,1.2739859819412231,3.127728176116943,5.116796026229859,210.40998828800366,False
223,178.46113068400155,1.665348,9660.269538906234,18.967127716001414,1824,1.977591633796692,7038.5796,4920.1045,0.40495452,1.4468038082122803,4.728667879104614,8.114326705932616,197.43157958299707,False
224,176.42796191800153,1.6581818,3728.7825673132506,18.868138183002884,1824,1.7566884756088257,7038.58,4322.0244,0.40843186,1.4093698263168335,3.735197138786315,6.138378791809082,195.29935151999962,False
225,182.88499268399755,1.6350049,3569.963113194825,19.367939647003368,1824,1.6000298261642456,7038.5796,3471.9229,0.41067594,1.3132199048995972,3.0808530092239375,5.557526597976682,202.25621572099772,False
226,177.7604088559965,1.627085,3546.3658775183426,19.630905792000704,1824,1.8107117414474487,7038.5796,4427.458,0.39723083,1.4908745288848877,3.804222798347473,6.254085407257078,197.39494181099872,False
227,187.6423271159947,1.6174527,3532.2083906893686,21.56591161200049,1824,1.745632529258728,7038.5796,3965.7644,0.408329,1.3768171072006226,3.5481328725814802,6.655380849838256,209.21187800500047,False
228,170.75216007600102,1.630198,3563.747563784828,19.194499541001278,1824,1.632665753364563,7038.5796,3411.6592,0.405675,1.3217281103134155,3.1674834251403787,5.369043283462519,189.9499652300001,False
229,175.53690940199886,1.6311368,3543.339111723106,18.331726880998758,1824,1.641129732131958,7038.58,3491.5806,0.38488716,1.3588329553604126,3.115292215347289,5.896003246307371,193.87181310900633,False
230,156.20699205099663,1.6194996,3529.835964682456,18.31233759200404,1824,1.6132858991622925,7038.5796,3439.9172,0.39371422,1.300283670425415,3.0294405937194817,4.768655805587766,174.52220522800053,False
231,161.47841603899724,1.6164676,3499.1405668710636,18.41967692500475,1824,1.5881997346878052,7038.5796,3218.6714,0.40712383,1.2777248620986938,3.159438729286192,5.394510316848755,179.90111117200286,False
232,164.78331888299726,1.6217084,3519.8358307113012,18.25017768899852,1824,1.6004002094268799,7038.58,3309.5273,0.41110188,1.27701997756958,3.261379528045654,5.753698892593381,183.0369166149976,False
233,159.95400608999626,1.6156844,3489.075532748418,18.241289981997397,1824,1.637139081954956,7038.58,3399.0715,0.45616373,1.325954794883728,3.2905921697616574,5.624673290252684,178.19819186200039,False
234,159.64720354100427,1.6373012,3573.336720162122,18.2184364210043,1824,1.6929447650909424,7038.5796,4079.0308,0.38589826,1.3938723802566528,3.3512755870819078,5.000225286483763,177.86841903599998,False
235,159.73637055500149,1.613744,3509.4927988558024,18.229411678999895,1824,1.6037968397140503,7038.58,3272.32,0.42586368,1.2818324565887451,3.0335186481475827,5.731192455291746,177.96875313399505,False
236,159.8178506050026,1.6264572,3504.521859570967,18.234168158000102,1824,1.6135120391845703,7038.5796,3455.1133,0.40247896,1.3046411275863647,3.1951978445053095,5.717770795822139,178.0548819579999,False
237,160.3379449790009,1.6266354,3556.1899147299055,18.37154679300147,1824,1.6212750673294067,7038.58,3333.4734,0.42065856,1.2806223630905151,3.2762635707855208,5.418266916275022,178.71298666299845,False
238,161.6176157480004,1.623435,3523.9379401518922,18.47148293099599,1824,1.5827065706253052,7038.5796,3145.2668,0.4213325,1.2897672653198242,3.0994848489761355,5.034790754318228,180.0950018069998,False
239,159.56839158400544,1.6217633,3523.3314051108837,18.194211168003676,1824,1.6424952745437622,7038.58,3587.728,0.40084752,1.3191957473754883,3.2126587867736807,5.499238548278809,177.7656122690023,False
240,162.7312033279959,1.620859,3521.906584426594,18.882475257996703,1824,1.6405787467956543,7038.58,3521.5947,0.41706035,1.332106590270996,3.1413919925689666,5.49139507293701,181.61665338300372,False
241,159.74663277599757,1.6162839,3535.294816696961,18.353804338999907,1824,1.6155036687850952,7038.58,3410.966,0.39189225,1.2872477769851685,3.2412127256393424,5.475569219589233,178.10334511600377,False
242,159.9323247430002,1.6147381,3492.9076587457566,18.25693001900072,1824,1.6929364204406738,7038.58,3857.5366,0.37095496,1.359127402305603,3.530373358726498,5.808650789260863,178.19517559900123,False
243,160.01522776899947,1.6151522,3525.2949758033224,18.6049947759966,1824,1.5978351831436157,7038.5796,3212.8271,0.42739972,1.2987161874771118,3.1089777946472164,5.538297719955442,178.62318708200473,False
244,160.82429461099673,1.6055723,3484.2588545688477,18.22524256000179,1824,1.6877946853637695,7038.5796,3817.21,0.40834814,1.3737788200378418,3.4360973596572872,5.769496049880971,179.0524505919966,False
245,159.5582499239972,1.621841,3523.8143756701534,18.22352636299911,1824,1.6255122423171997,7038.5796,3599.3389,0.4261834,1.3258754014968872,3.1337575197219802,5.138998413085936,177.78486004599836,False
246,159.31255537600373,1.6192852,3496.792735781737,18.20709568800521,1824,1.6685377359390259,7038.5796,3859.223,0.39544648,1.3555842638015747,3.454451465606689,5.420601243972777,177.52294304600218,False
247,159.44190471599723,1.6157725,3538.359699965246,18.209150837996276,1824,1.6040645837783813,7038.5796,3490.6418,0.38508672,1.305708885192871,3.099441075325012,5.768553333282466,177.65396929100098,False
248,159.3341644289976,1.6156801,3476.4311731297016,18.197288660005142,1824,1.6408560276031494,7038.58,3709.7126,0.37316692,1.338789939880371,3.3125358343124387,5.37992618560791,177.53428836700186,False
249,159.26848313500523,1.6086705,3438.215838687744,18.219588645995827,1824,1.5960103273391724,7038.5796,3378.3618,0.3912192,1.2939624786376953,3.1393912553787224,4.993847236633296,177.49092476100486,False
250,159.44717895399663,1.604468,3485.0045438004795,18.284406825994665,1824,1.6130688190460205,7038.5796,3421.214,0.400374,1.3114968538284302,3.2103570699691737,5.324680604934691,177.7344008709988,False
251,159.40858837999986,1.6209176,3526.5994947150684,18.210020748003444,1824,1.788402795791626,7038.58,4223.1914,0.41816255,1.4488362073898315,3.6287868499755853,6.064883098602295,177.62142659699748,False
252,159.40270826400229,1.6266905,3555.8217356825935,18.21793940600037,1824,1.609967827796936,7038.58,3460.9075,0.39309537,1.2863320112228394,3.244707846641538,5.740657596588135,177.62350055299612,False
253,159.2666252650015,1.6240733,3542.857749909201,18.228655391001666,1824,1.626634120941162,7038.58,3663.0298,0.3947788,1.3332070112228394,3.2239065647125233,5.631455383300779,177.49836142799904,False
254,159.35241089099873,1.614027,3501.99842606921,18.203043916000752,1824,1.605129599571228,7038.58,3291.8306,0.41947803,1.320992350578308,3.0441668272018405,5.318815641403198,177.55830917000276,False
255,159.40103443800035,1.6233271,3527.6546120523462,18.293054014000518,1824,1.674637794494629,7038.5796,3717.2644,0.39683568,1.3667168617248535,3.2402135372161838,5.69983724594115,177.69744263999746,False
256,159.27226527399762,1.6223825,3528.0809671859433,18.209574658001657,1824,1.6495518684387207,7038.5796,3539.722,0.3855471,1.3343443870544434,3.212399554252623,5.8156197738647455,177.48480522899627,False
257,159.3515799050001,1.6244133,3567.475735659392,18.192842586999177,1824,1.6762027740478516,7038.58,3740.6624,0.40111583,1.3610283136367798,3.289629173278807,5.825234355926513,177.54744583700085,False
258,159.38201697600016,1.6184092,3521.764624363293,18.218349952003337,1824,1.6028882265090942,7038.58,3243.5706,0.4341098,1.3018580675125122,3.193187046051024,5.162103929519652,177.60342292299902,False
259,159.33717443200294,1.6138337,3504.8766942289612,18.31432517599751,1824,1.6095056533813477,7038.58,3278.763,0.44244602,1.2808457612991333,3.1944737195968624,6.043359193801878,177.6543203149995,False
260,160.00037568400148,1.6181749,3500.743594073043,18.463561905999086,1824,1.6621085405349731,7038.58,3649.9229,0.3745266,1.3571667671203613,3.4094286441802977,5.742968511581421,178.46700162599882,False
261,160.5476451919967,1.6147014,3526.139204906102,18.240169788994535,1824,1.6487354040145874,7038.58,3779.4512,0.39730263,1.3346296548843384,3.278528690338133,5.679687910079955,178.79107017500064,False
262,159.66532860800362,1.6197726,3490.4449299751336,18.313097566999204,1824,1.7714362144470215,7038.5796,4064.9375,0.38317016,1.411602258682251,3.826371717453002,6.215078392028806,177.98128215599718,False
263,159.59782182500203,1.626279,3563.8871487720585,18.315999758000544,1824,1.5800426006317139,7038.58,3336.6387,0.40795144,1.2998250722885132,3.1319012165069555,5.475080823898314,177.9169597690052,False
264,160.20203358599974,1.6587422,3512.967265786351,18.33633097499842,1824,1.7562237977981567,7038.58,4208.932,0.38808835,1.3854871988296509,3.829890799522392,6.629592504501343,178.54158985200047,False
265,158.38098849700327,1.6530292,3607.86611476345,20.28434792599728,1824,1.6514052152633667,7038.58,3807.1,0.38868582,1.3380507230758667,3.305386996269226,5.605397453308103,178.66854377900017,False
266,164.44993998899736,1.6265551,3540.2255830804156,18.3104763070005,1824,1.5735576152801514,7038.5796,3232.1492,0.39895466,1.2750948667526245,3.115565681457517,5.048894081115721,182.7632531240015,False
267,160.1416685430013,1.6154629,3519.4519212970995,18.30095787099708,1824,1.6095850467681885,7038.5796,3466.6555,0.39276335,1.2956565618515015,3.1688583374023422,5.249587564468382,178.44541422800103,False
268,160.22488606199477,1.6058183,3502.3264241142433,18.305473004002124,1824,1.6196485757827759,7038.5796,3611.1536,0.37130913,1.3451327085494995,3.155635571479797,5.027909269332884,178.53329074700014,False
269,160.0476545249985,1.6197582,3501.1148095809194,18.26707158400677,1824,1.6343753337860107,7038.5796,3641.3523,0.3862531,1.3408123254776,3.2208001852035495,5.857446365356444,178.31757559000107,False
270,159.70636315299635,1.6269195,3545.9641677149343,18.765312283998355,1824,1.6335997581481934,7038.5796,3445.3323,0.3869295,1.328012466430664,3.2849340677261334,5.475634260177612,178.47573417700187,False
271,161.05221713699575,1.6086341,3497.4581502659516,18.35036275499442,1824,1.5973399877548218,7038.5796,3145.0056,0.41948408,1.3073114156723022,3.2556195974349964,5.587450675964352,179.40890876200137,False
272,160.25015399799304,1.6105088,3494.934339636344,18.32836056999804,1824,1.6299670934677124,7038.58,3485.2349,0.38549244,1.3254375457763672,3.334903144836424,5.84737371444702,178.58138885499648,False
273,160.26427935000538,1.6078813,3465.6435229063977,18.321603234006034,1824,1.6650935411453247,7038.58,3870.092,0.39514953,1.396101474761963,3.2120334386825538,5.403721542358394,178.58887980999862,False
274,161.96107218300313,1.6037321,3488.9184411697015,18.368882245005807,1824,1.641674280166626,7038.58,3526.6755,0.39193943,1.350329875946045,3.193172478675839,5.428843898773192,180.33308471300552,False
275,160.22315838299983,1.6091299,3452.665054775634,18.309943517000647,1824,1.6389816999435425,7038.58,3628.2107,0.3896435,1.3570349216461182,3.234660315513609,5.732066679000854,178.53628892699635,False
276,161.57872209500056,1.6144032,3466.928813937716,18.34963296999922,1824,1.6440433263778687,7038.58,3504.9521,0.37618223,1.3348724842071533,3.203224682807919,5.71136975288391,179.93169357199804,False
277,160.8508827889964,1.6114328,3513.1162621589465,18.474760361001245,1824,1.5922437906265259,7038.58,3378.6174,0.3923156,1.2895818948745728,3.1358104228973374,5.442400407791133,179.32897368200065,False
278,160.67961479000223,1.607367,3421.604396591007,18.363768161994813,1824,1.5935803651809692,7038.58,3340.6714,0.3869101,1.28068208694458,3.065720033645629,5.196033763885495,179.04659027900198,False
279,162.2842402419992,1.6076137,3421.746779738185,18.527602271999058,1824,1.6110622882843018,7038.5796,3340.439,0.43714884,1.2723852396011353,3.19325473308563,5.511093111038208,180.8174880459992,False
280,162.21180629700393,1.6123683,3444.299360656899,18.46106727199367,1824,1.6265770196914673,7038.58,3614.4934,0.39352652,1.3260234594345093,3.2956379413604733,5.172368593215942,180.6761159489979,False
281,161.6729936510019,1.6098168,3521.6758561798792,18.40646711899899,1824,1.658239722251892,7038.58,3712.8528,0.3861114,1.3065476417541504,3.4290307283401478,5.613296995162962,180.08236995399784,False
282,171.69703555500018,1.6135814,3485.2590656775556,18.29711037800007,1824,1.6795204877853394,7038.5796,3685.753,0.37641352,1.3339098691940308,3.347348570823668,5.8021600151062,189.99711095199746,False
283,160.14213791699876,1.6121863,3485.86028411377,18.404280200003996,1824,1.6163338422775269,7038.58,3563.9246,0.38405952,1.3173173666000366,3.16022298336029,4.876339931488032,178.54927566400147,False
284,160.3513681619952,1.6197612,3562.885219139207,18.297740782996698,1824,1.6452423334121704,7038.58,3679.0378,0.3710746,1.3334791660308838,3.3404763221740703,5.839044485092152,178.65195289300027,False
285,160.21526861000166,1.6101763,3484.2259208838536,18.278492299999925,1824,1.656834602355957,7038.58,3752.1526,0.3932541,1.3537780046463013,3.3107889890670776,5.047434339523311,178.49655835600424,False
286,160.15023853599996,1.6105072,3494.2672952293515,18.275576441999874,1824,1.6997220516204834,7038.5796,3753.379,0.36719072,1.3705261945724487,3.3745141744613627,6.3586410427093485,178.43147665500146,False
287,159.95407245500246,1.611263,3503.67486220794,18.296060705004493,1824,1.5869334936141968,7038.5796,3166.0547,0.4492931,1.2703320980072021,3.1630002737045264,5.385902519226074,178.25557324200054,False
288,160.06905660899793,1.6133795,3481.6074143539927,18.282255966994853,1824,1.6171951293945312,7038.5796,3492.3782,0.37761542,1.3199875354766846,3.2187613248825055,5.347039995193481,178.35409490599704,False
289,160.07214943399595,1.6067338,3480.1724642016475,18.285093044003588,1824,1.663482904434204,7038.5796,3613.3457,0.36075988,1.3286012411117554,3.393069624900818,5.433360958099363,178.36249768199923,False
290,159.9875079350022,1.6272556,3507.9089126753743,18.431484486995032,1824,1.5947405099868774,7038.58,3514.946,0.3799814,1.3022234439849854,3.0921744585037216,5.022594232559204,178.4218349139992,False
291,160.0540868379976,1.6079607,3505.1842601003736,18.396499612004845,1824,1.575644612312317,7038.5796,3137.8286,0.4198012,1.2750123739242554,3.0823133230209327,5.371049699783325,178.45627138900454,False
292,159.9732959069952,1.6025892,3443.6981476731376,18.28766092200385,1824,1.5928387641906738,7038.58,3322.792,0.40048087,1.2835992574691772,3.058577322959898,5.300351486206053,178.26390265199734,False
293,159.9356207009987,1.6185323,3514.7193182914543,18.280483351998555,1824,1.6888666152954102,7038.58,3903.0405,0.37853822,1.3630244731903076,3.448235964775085,5.902473917007446,178.21895194800163,False
294,159.9048273350054,1.609006,3487.622409421186,18.275634165001975,1824,1.6076329946517944,7038.5796,3567.6653,0.39565086,1.3240050077438354,3.001646590232849,4.920689525604243,178.18344870699366,False
295,159.97296232100052,1.6032053,3462.4932240313105,18.426282027001434,1824,1.5883194208145142,7038.5796,3411.6829,0.40482932,1.284423589706421,3.125135040283202,5.197586069107054,178.4021712180038,False
296,160.60038556100335,1.6100485,3550.595453999809,18.288569590004045,1824,1.59853994846344,7038.5796,3370.9763,0.41455102,1.318320393562317,3.0852294921874996,4.666744785308835,178.89188094400015,False
297,160.23220302200207,1.6215683,3521.3555982815674,18.289314577996265,1824,1.6591793298721313,7038.5796,3700.0737,0.36159986,1.3482956886291504,3.2475730419158912,5.4370454025268495,178.52427095899475,False
298,160.09978256999602,1.609449,3507.3343626200367,18.33086344300682,1824,1.7069625854492188,7038.58,3883.5164,0.37355986,1.37372887134552,3.4244403362274163,5.794084615707392,178.43340599400108,False
299,160.12239636699815,1.608248,3477.0966805968633,18.321519130993693,1824,1.6601101160049438,7038.5796,3685.6858,0.39646083,1.3618274927139282,3.1981907844543422,5.505132732391355,178.44669157300086,False
300,160.3064321999991,1.610208,3465.401048587527,18.367581478996726,1824,1.626743197441101,7038.5796,3574.5227,0.3874764,1.323053002357483,3.237065529823303,5.293762416839597,178.67681141399953,False
301,160.1876382920018,1.5867782,3397.456807060577,18.307585793001635,1824,1.6530430316925049,7038.5796,3387.7563,0.41005886,1.3283840417861938,3.411619639396667,6.274084672927857,178.4981724629979,False
302,160.2489157070013,1.6099082,3468.76337341678,18.434355191995564,1824,1.6067909002304077,7038.58,3242.1812,0.404075,1.2898839712142944,3.1567791223525976,5.053482046127314,178.68597228300496,False
303,160.1966107229964,1.6038615,3452.021665994433,18.40872155499528,1824,1.6495360136032104,7038.5796,3469.7402,0.38612998,1.3553671836853027,3.2975428104400635,5.563229923248287,178.6080925770002,False
304,160.1597588079967,1.6028196,3452.9342891384263,18.32828249099839,1824,1.603846788406372,7038.5796,3274.888,0.43499815,1.2601405382156372,3.186220455169677,5.863789653778075,178.49385079800413,False
305,180.87295146399993,1.6133425,3499.1224043502775,20.815219653006352,1824,1.629246473312378,7038.58,3615.7866,0.38792288,1.3093798160552979,3.247551822662351,5.41648320198059,201.69127233000472,False
306,170.95353486300155,1.6039792,3462.516746346777,20.25399869499961,1824,1.6334041357040405,7038.5796,3710.213,0.3884637,1.3353760242462158,3.198609519004819,5.469290504455565,191.21059957300167,False
307,160.14363681100076,1.5957245,3438.6722258279897,18.369585484993877,1824,1.6194418668746948,7038.5796,3419.5952,0.3972519,1.3143212795257568,3.2504962205886843,4.9437956714630085,178.51623000700056,False
308,160.3061413539981,1.6093731,3458.093489817793,18.30719013199996,1824,1.7155523300170898,7038.58,3997.498,0.37804773,1.3913413286209106,3.588098835945129,5.8273929977417,178.61632775900216,False
309,160.1964180310024,1.5969167,3438.051856244019,18.274312884997926,1824,1.6441367864608765,7038.58,3638.9133,0.41105056,1.3451355695724487,3.2372930765151975,5.002455863952636,178.4736027090039,False
310,160.11673745900043,1.5966215,3435.0743664065735,18.272246162996453,1824,1.6622183322906494,7038.5796,3495.3425,0.4352188,1.348741054534912,3.3185377597808836,6.1243911075592035,178.39178465099394,False
311,160.15202942800533,1.6093221,3506.49935440136,18.378726159993676,1824,1.6606699228286743,7038.5796,3661.5251,0.3836214,1.3399101495742798,3.2814441204071034,5.414654960632323,178.53362415600714,False
312,160.09047330799513,1.6081048,3461.178518953637,18.287643752002623,1824,1.6769853830337524,7038.58,3771.1787,0.3829442,1.3559374809265137,3.5665225267410277,5.904745893478393,178.38098706200253,False
313,162.0403029660083,1.6039588,3467.3817640438388,20.728819846000988,1824,1.6420701742172241,7038.58,3653.4297,0.39726415,1.3370490074157715,3.213750910758972,5.301055335998535,182.77214114800154,False
314,183.15866757801268,1.5999033,3464.959875427782,20.90576550400874,1824,1.652641773223877,7038.58,3407.1536,0.38432837,1.3229037523269653,3.3218510389327998,5.410885181426999,204.0675641419948,False
315,183.20008108099864,1.5898644,3411.9145619660508,20.84554331700201,1824,1.6320865154266357,7038.58,3660.927,0.40361708,1.350277304649353,3.2043277740478504,5.081623487472535,204.04856720099633,False
316,183.15346613099973,1.5979733,3496.2414144438653,20.85625666899432,1824,1.6422176361083984,7038.5796,3639.7966,0.39912972,1.333315134048462,3.249309015274047,5.957392892837521,204.0127734859998,False
317,183.01053826899442,1.6104733,3467.557321353961,20.91698746100883,1824,1.5645675659179688,7038.5796,3154.8,0.40731537,1.2807567119598389,3.082279920578003,4.90537757873535,203.93052877500304,False
318,182.97838545498962,1.5958898,3433.711713948567,20.855289968996658,1824,1.6598304510116577,7038.58,3686.7769,0.39478162,1.3094944953918457,3.3823872089385976,5.907253618240356,203.83653089799918,False
319,175.21084576800058,1.60088,3462.07896347377,18.567212412002846,1824,1.6283419132232666,7038.5796,3450.6562,0.41189167,1.3236172199249268,3.2349890947341904,5.658648967742918,193.78121781800292,False
320,160.16208819599706,1.5968891,3453.9818161851604,18.41243711700372,1824,1.6045929193496704,7038.58,3447.329,0.38504505,1.317095160484314,3.175777792930602,5.593020038604731,178.57759324599465,False
321,160.10105156799546,1.603703,3453.7913753003795,18.475011431000894,1824,1.6650968790054321,7038.58,3865.6702,0.39720583,1.3422651290893555,3.396085000038146,5.519366025924682,178.57913024399022,False
322,159.01470333200996,1.5907123,3435.443187105343,18.42345131500042,1824,1.6469309329986572,7038.58,3572.8164,0.38333097,1.337620496749878,3.1396221160888653,6.101666402816767,177.44158531299036,False
323,160.77793587099586,1.6024368,3465.8357564586877,18.556075164000504,1824,1.6375514268875122,7038.58,3725.0955,0.40231153,1.339885950088501,3.1842828989028926,5.251940374374383,179.3373110209941,False
324,157.147138084998,1.6111066,3482.8508106189274,18.386970876992564,1824,1.6973711252212524,7038.58,3838.8027,0.40423024,1.3452376127243042,3.495920515060424,5.739361553192136,175.53716758900555,False
325,159.73947554599727,1.6046289,3449.2665006429156,18.395229349000147,1824,1.6652840375900269,7038.5796,3731.247,0.40051913,1.3791269063949585,3.329168915748596,5.523965826034544,178.13831081299577,False
326,159.99422709000646,1.6050502,3467.441959404828,18.38600043299084,1824,1.7645336389541626,7038.58,4368.6035,0.40001702,1.44655179977417,3.5756086111068686,6.110112247467041,178.38345660500636,False
327,160.681352109008,1.595923,3462.203592371544,18.423287028999766,1824,1.5749871730804443,7038.5796,3211.2444,0.4293266,1.2735470533370972,3.0528038740158068,5.11671523094177,179.10753907100298,False
328,160.52213691700308,1.6061065,3463.303022949099,18.370108567003626,1824,1.625675916671753,7038.5796,3449.0647,0.39356542,1.3022713661193848,3.338234734535217,5.651421346664428,178.8952343300043,False
329,160.58423979900545,1.6083688,3503.577489620233,18.358024365006713,1824,1.7321468591690063,7038.58,3839.0994,0.37648398,1.3530384302139282,3.6380072593688952,6.117975244522086,178.94542706200446,False
330,160.4398847239936,1.6040599,3490.162682818748,18.337058635996073,1824,1.615192174911499,7038.58,3474.798,0.3712715,1.3080724477767944,3.211967873573302,5.382460699081415,178.7798586719873,False
331,160.55842179400497,1.5992187,3425.3364962849882,18.362170430002152,1824,1.6532694101333618,7038.5796,3675.2214,0.38087025,1.348889708518982,3.341007804870605,5.603157157897946,178.92392383101105,False
332,160.7660540240031,1.5943456,3428.9062852266325,18.393246183011797,1824,1.6060377359390259,7038.5796,3458.0762,0.39118072,1.3264962434768677,3.142123007774352,4.756989126205443,179.16229223700066,False
333,160.5159689939901,1.5948169,3448.6196096788744,18.536408256011782,1824,1.6626558303833008,7038.58,3691.242,0.38474384,1.381333589553833,3.206685757637021,5.171731176376343,179.05529528799525,False
334,159.6602387310122,1.604516,3469.05612386052,18.223923509998713,1824,1.578490972518921,7038.58,3254.1533,0.40014607,1.2893539667129517,3.1176229238510125,5.1098439025878895,177.88705900599598,False
335,159.9389385090035,1.604452,3414.137438321276,18.40574467899569,1824,1.6148982048034668,7038.5796,3315.85,0.4086996,1.2956360578536987,3.1080868721008277,5.341750860214232,178.3477504649927,False
336,159.74472173400864,1.5966117,3466.7393478441736,18.227051274006953,1824,1.6785815954208374,7038.58,3664.091,0.39375308,1.3578890562057495,3.282869243621825,6.209675045013425,177.97478168999078,False
337,159.46037198499835,1.6011602,3405.324176041673,18.216325069995946,1824,1.7631909847259521,7038.5796,4059.2031,0.42223904,1.4557985067367554,3.4031850576400755,6.678990640640259,177.67963017200236,False
338,159.4843593859987,1.6030537,3450.9207256733775,18.23497345999931,1824,1.7028099298477173,7038.58,4020.9604,0.3938311,1.3770917654037476,3.438683438301084,6.078924026489257,177.7223418890062,False
339,159.6239109809976,1.6148996,3496.860981594986,18.427733725009602,1824,1.6287081241607666,7038.58,3507.3496,0.3787856,1.3055543899536133,3.2171865701675415,6.002653036117552,178.05455598799745,False
340,159.7761090970016,1.597021,3447.5993014127216,18.360252943995874,1824,1.7116485834121704,7038.5796,3931.804,0.38724408,1.3739914894104004,3.5883555889129624,6.016115474700924,178.13920237599814,False
341,159.47851605100732,1.5968517,3444.6685621185648,18.199305266010924,1824,1.648513674736023,7038.5796,3705.4602,0.37277424,1.3374214172363281,3.2609362125396726,5.871408319473264,177.6808833059913,False
342,159.5602765000076,2.1167274,14720.123030048928,18.210764417992323,1824,1.8965893983840942,7038.58,4832.5396,0.47746217,1.5059235095977783,3.957319855690002,7.4620398426055905,177.77410492800118,False
343,160.69623319599486,1.7824501,4562.309251794288,18.383165824008756,1824,1.7389652729034424,7038.58,4169.7573,0.4472118,1.3946622610092163,3.4652567625045774,5.516485280990597,179.0823317389877,False
344,161.19316172799154,1.7151399,4189.395633495796,18.477906111002085,1824,1.6385661363601685,7038.5796,3706.77,0.43664476,1.334674596786499,3.153868174552917,5.728001070022582,179.67424603700056,False
345,161.0689203439979,1.6766111,4010.808015842347,18.358470022008987,1824,1.698366641998291,7038.58,3976.7837,0.41839272,1.372200846672058,3.616132378578183,5.85005323410034,179.43026123399613,False
346,160.94590583001263,1.6469295,3755.001690529084,18.611390398000367,1824,1.6214755773544312,7038.58,3452.9585,0.42236,1.3083010911941528,3.2825039625167833,5.4033518409729,179.5603934469982,False
347,177.46247521300393,1.6392622,3709.98591638933,20.13962717699178,1824,1.6377593278884888,7038.5796,3555.513,0.38669378,1.3240832090377808,3.377630519866942,5.357022447586059,197.6058819690079,False
348,160.06850542398752,1.6205832,3622.315049300082,17.88029927299067,1824,1.709683895111084,7038.58,4139.8945,0.39124584,1.3838107585906982,3.4914063930511468,5.647566366195678,177.95168389000173,False
349,159.93024428599165,1.6119285,3553.228743205447,18.425615350992302,1824,1.6922607421875,7038.58,4009.1028,0.3919464,1.3663312196731567,3.6483063697814937,5.824134769439696,178.359032724009,False
350,161.3704981690098,1.5987765,3487.567532628836,18.520395700994413,1824,1.58293879032135,7038.58,3265.0015,0.40579554,1.2832694053649902,3.140890860557553,5.2261021900176985,179.89405127700593,False
351,161.3720061369968,1.6134411,3496.7330794952827,20.303417525996338,1824,1.6809285879135132,7038.58,3899.562,0.39285406,1.359872817993164,3.516490769386289,5.553949604034423,181.67869648500346,False
352,161.13808167500247,1.6016572,3480.6801894990626,18.271571221994236,1824,1.6235296726226807,7038.5796,3458.6738,0.38620663,1.302844762802124,3.2219135522842404,5.733925495147697,179.41256709500158,False
353,160.12107536599797,1.6123736,3531.887448913223,18.286239748005755,1824,1.6420214176177979,7038.5796,3735.515,0.3980823,1.3499603271484375,3.1095796823501582,6.032029981613157,178.41013654498965,False
354,159.98945071799972,1.5960821,3429.1430707595423,18.278041871992173,1824,1.6275372505187988,7038.58,3780.314,0.38102105,1.318243145942688,3.158551979064941,5.483149166107178,178.27067295300367,False
355,159.84922907600412,1.6022947,3470.101732785655,18.266900164002436,1824,1.6845543384552002,7038.5796,4072.1104,0.39263424,1.3778806924819946,3.3954339504241937,5.637799482345581,178.11902537499554,False
356,160.07436256601068,1.6032643,3468.2636784888464,18.442327322991332,1824,1.6224324703216553,7038.5796,3530.838,0.42706025,1.3302191495895386,3.2553456544876087,5.558259611129761,178.51955671000178,False
357,164.69811719900463,1.6094382,3513.81387653477,20.53281400099513,1824,1.5874217748641968,7038.58,3307.5823,0.40029046,1.30136239528656,3.152564334869383,5.585996894836425,185.23408820599434,False
358,182.14956407599675,1.6118443,3529.2889995283313,20.833105564001016,1824,1.6011992692947388,7038.58,3245.1375,0.41418546,1.2916791439056396,3.120915579795837,5.6035114860534625,202.98586472800525,False
359,183.13817045500036,1.6132789,3502.475057773036,20.820714579997002,1824,1.6178956031799316,7038.58,3447.2615,0.38583323,1.3005982637405396,3.2537231922149643,5.537996730804439,203.96188704500673,False
360,183.20426257800136,1.5993614,3431.9556773316203,20.53309341899876,1824,1.6488407850265503,7038.58,3729.5745,0.39677662,1.3416414260864258,3.2863289833068836,6.203239278793335,203.74031641701004,False
361,161.62864646900562,1.6056753,3476.0682352417125,18.349309418001212,1824,1.578844666481018,7038.58,3253.3955,0.39092523,1.2710661888122559,3.213100028038024,5.379314393997188,179.98109945599572,False
362,160.37812102099997,1.5941967,3447.963275094899,18.44058638800925,1824,1.6430988311767578,7038.58,3503.7607,0.38876447,1.3473358154296875,3.2027898073196406,5.841126394271845,178.82186786200327,False
363,160.8562618959986,1.5860015,3403.000399128391,18.356460769005935,1824,1.6076442003250122,7038.58,3585.0127,0.3824815,1.3191909790039062,3.1903409719467133,4.9357036876678455,179.21566368399363,False
364,160.23033145000227,1.5961742,3442.554853575524,18.276480618005735,1824,1.6386467218399048,7038.5796,3524.5444,0.40272424,1.3383123874664307,3.224884629249572,5.264056348800653,178.50952504901215,False
365,160.1479096950061,1.6135639,3472.5639968424466,18.280051869005547,1824,1.6490620374679565,7038.58,3614.6064,0.36968842,1.3257619142532349,3.321948194503782,5.744941635131836,178.43079692599713,False
366,160.02615203401365,1.5916157,3456.9142538472856,18.261937130009755,1824,1.6498022079467773,7038.5796,3722.6526,0.39829683,1.3733129501342773,3.1804656744003283,5.228249778747556,178.2910677070031,False
367,159.8518909909908,1.6009232,3404.3684525618146,18.278892582005938,1824,1.63848078250885,7038.58,3366.8652,0.3962173,1.3475979566574097,3.143846249580382,5.284011583328247,178.13356548101,False
368,159.94275113700132,1.6018986,3466.8760259157016,18.274386215998675,1824,1.6629780530929565,7038.58,3595.6118,0.4017708,1.3805280923843384,3.3337751150131223,5.0776224803924555,178.21994075800467,False
369,160.02401665800426,1.6076425,3476.3824314408243,18.29326164200029,1824,1.715419888496399,7038.58,4096.0303,0.38704148,1.381308674812317,3.54314296245575,5.57946886062622,178.3200988079916,False
370,160.11306179099483,1.5987649,3435.453455208291,18.281060701003298,1824,1.6027976274490356,7038.5796,3347.42,0.41935882,1.3021037578582764,3.1705161571502685,5.268239488601681,178.39699620999454,False
371,160.0245267600112,1.6081424,3453.3761828220827,18.297697008005343,1824,1.6010032892227173,7038.5796,3285.3943,0.41804278,1.2883501052856445,3.1220233917236317,5.0718029212951645,178.32501840799523,False
372,160.22846831099014,1.5950532,3444.0198759735144,18.291597767994972,1824,1.5885316133499146,7038.5796,3540.1248,0.39674872,1.3272297382354736,3.0210653305053703,4.642161970138548,178.52637223899364,False
373,166.85135638300562,1.5997672,3409.74324586435,20.818721207004273,1824,1.719180703163147,7038.58,4046.784,0.39323393,1.412527084350586,3.4333280563354482,5.633863506317135,187.6731403360027,False
374,166.6051624840038,1.605764,3456.3985201001055,18.293431363999844,1824,1.667769432067871,7038.58,3748.318,0.39024338,1.3660041093826294,3.350478768348693,6.438112850189207,184.9017760049901,False
375,159.73906731899478,1.5997065,3467.244552623284,18.329669844999444,1824,1.688976764678955,7038.5796,3722.7964,0.38406894,1.364764928817749,3.446685767173767,5.379755268096919,178.0722598459979,False
376,158.67395426900475,1.5928046,3414.690486824256,18.50000355800148,1824,1.6796560287475586,7038.5796,3672.304,0.3879972,1.3554694652557373,3.3269167661666863,5.660834398269651,177.17704711901024,False
377,161.59268906299258,1.5935099,3415.4990981092224,18.28291093799635,1824,1.6029466390609741,7038.58,3320.3545,0.3962065,1.3004482984542847,3.0915578842163063,4.727942018508907,179.87874156500038,False
378,158.07955780098564,1.6180352,3540.2335899971777,18.429288009006996,1824,1.6547092199325562,7038.5796,3770.4792,0.38636827,1.340746283531189,3.3748143672943116,5.3985002708435035,176.51174097100738,False
379,160.92497392499354,1.5929972,3433.039999314268,18.44137090300501,1824,1.646389365196228,7038.5796,3700.335,0.3887391,1.3264299631118774,3.2583217859268174,5.683932456970214,179.36923120600113,False
380,160.97748638299527,1.601478,3450.7606861103113,18.39580225100508,1824,1.7396914958953857,7038.58,4010.0737,0.39459652,1.4139529466629028,3.5610733032226527,5.704475479125977,179.37613995900028,False
381,161.1138896009943,1.6001713,3435.6338030945894,18.389092179000727,1824,1.598599910736084,7038.5796,3473.5935,0.37720284,1.297851324081421,3.0454129695892327,5.268786792755126,179.50592985498952,False
382,160.96289395699569,1.6103458,3489.1009653086335,18.407255450001685,1824,1.6004616022109985,7038.5796,3387.1855,0.3744056,1.2955340147018433,3.1503989696502672,5.309793128967281,179.37308995499916,False
383,161.00861092600098,1.6026018,3444.0289293378623,18.405576638004277,1824,1.6671652793884277,7038.58,3704.1643,0.3931198,1.3443621397018433,3.2550192356109577,5.610301151275633,179.4171652639925,False
384,161.16865336599585,1.5796655,3408.959989424092,18.525127192988293,1824,1.6126582622528076,7038.5796,3491.0037,0.39889544,1.3266444206237793,3.239953160285947,5.098569498062132,179.6967636190093,False
385,160.8972710389935,1.5917407,3438.2587802291623,18.410462469997583,1824,1.6637641191482544,7038.5796,3550.4302,0.39745554,1.332215666770935,3.2958445310592634,5.56631760597229,179.31084527900384,False
386,160.96208780500456,1.6117941,3505.3212652752,18.39215071599756,1824,1.6174458265304565,7038.58,3645.787,0.37257707,1.3375626802444458,3.1626750469207763,5.494586572647094,179.35719661900657,False
387,161.06380794699362,1.5967326,3454.308043538054,18.398839499001042,1824,1.800440788269043,7038.58,4171.574,0.38679406,1.4300295114517212,3.6720835685729942,6.125094079971312,179.46548983000685,False
388,161.0324504290038,1.5850637,3389.302603522088,18.399102429990307,1824,1.620996356010437,7038.5796,3327.5715,0.39703885,1.2868361473083496,3.252744388580319,5.558263959884643,179.4345238639944,False
389,160.7448391860089,1.6064575,3482.9545763495253,18.383691491006175,1824,1.6239665746688843,7038.58,3505.8418,0.39558965,1.3207758665084839,3.214670085906982,5.76938060760498,179.1314029149944,False
390,160.74002167899744,1.5862159,3419.3561222288126,19.75166126799013,1824,1.6594719886779785,7038.58,3604.6416,0.39947134,1.3544551134109497,3.4469974279403677,5.48048741340637,180.49470505600038,False
391,163.04568821500288,1.5945839,3431.350567717409,18.273291185003472,1824,1.5840243101119995,7038.5796,3339.6648,0.4035366,1.2946021556854248,3.125932025909422,5.133424625396728,181.32189935300266,False
392,161.58457085100235,4.0870953,79629.24735231568,18.34637753201241,1824,1.6637934446334839,7038.58,3654.3704,0.44282004,1.3524537086486816,3.2833947658538816,5.473638563156126,179.93398031299876,False
393,160.78383067500545,1.646547,3547.4507632911022,18.24226208899927,1824,1.6665362119674683,7038.5796,3652.4097,0.4026761,1.3504220247268677,3.3431332588195786,5.877504491806029,179.02918475600018,False
394,159.54645871999674,1.617855,3464.816125675305,18.0419630860124,1824,1.5981390476226807,7038.58,3287.6067,0.40705866,1.2967898845672607,3.011133599281309,5.309048089981078,177.59124939401227,False
395,160.3051769320009,1.5896826,3439.4188158945703,18.525100432001636,1824,1.5670804977416992,7038.58,3206.9883,0.39022765,1.2766664028167725,3.0124427318572984,4.755661211013792,178.83320928500325,False
396,160.72768065299897,1.5879238,3401.336075769028,18.371916055999463,1824,1.5959354639053345,7038.5796,3435.8816,0.39997318,1.2980320453643799,3.0472775220870947,5.574903631210325,179.10258164600236,False
397,160.71142151398817,1.5883054,3387.6411577275153,18.442600705995574,1824,1.5943907499313354,7038.5796,3291.5847,0.4060698,1.2916346788406372,3.1636370420455906,5.58258225440979,179.15693365500192,False
398,160.8182952579955,1.578074,3350.3333014391746,18.36825263799983,1824,1.6475943326950073,7038.58,3554.393,0.39600545,1.3596733808517456,3.0971367120742763,5.032295112609862,179.18961199499608,False
399,160.275285153999,1.5690997,3314.9698708021956,18.00942100500106,1824,1.6039835214614868,7038.58,3388.4045,0.38711554,1.3075531721115112,3.196154880523679,5.755770397186277,178.28817672899459,False
400,163.01472294201085,1.577287,3343.111814285894,18.53774843100109,1824,1.684709906578064,7038.5796,3956.017,0.37723094,1.3846217393875122,3.3359122991561883,5.6095987510681145,181.55585912699462,False
401,168.4623208319972,1.5667458,3330.3268146474566,21.10588883300079,1824,1.6796526908874512,7038.5796,3835.173,0.37585923,1.3340826034545898,3.3763916015624997,5.736401615142822,189.57150233499124,False
402,165.33628005599894,1.5725871,3352.12246218306,18.409613764000824,1824,1.6290956735610962,7038.5796,3678.5933,0.36481932,1.3185734748840332,3.312796306610105,5.712600812911985,183.7488461710018,False
403,159.38353099000233,1.5749004,3370.590703006492,18.0755239190039,1824,1.592793345451355,7038.58,3409.4402,0.37098312,1.3063658475875854,3.032384252548216,5.335250110626215,177.4620707379945,False
404,160.32223007899302,1.5829538,3391.6928373595238,18.25206813000841,1824,1.729965329170227,7038.5796,3980.4854,0.39977404,1.4237943887710571,3.4747006893157946,6.3453630447387654,178.57720806599536,False
405,159.92982118700456,1.577456,3346.5483986724503,18.275082624997594,1824,1.594915509223938,7038.5796,3329.395,0.3804728,1.286447286605835,3.220149874687193,5.344032287597655,178.20792084500135,True
